cell,cycle,q_min,q_max,n_samples,capacity,avg_temp,initial_capacity,soh,cum_ah_throughput,soh_smooth
Cell1,0,-739.1109210621779,0.0,3608,739.1109210621779,39.96342697380896,739.1109210621779,1.0,739.1109210621779,0.9939670951934557
Cell1,100,-730.1929494056872,0.0,3565,730.1929494056872,39.93761036415511,739.1109210621779,0.9879341903869114,1469.3038704678652,0.9899509196398459
Cell1,200,-725.7467375962049,0.0,3544,725.7467375962049,39.968553038782744,739.1109210621779,0.9819185685326265,2195.05060806407,0.9826143015154338
Cell1,300,-722.8431973239306,0.0,3530,722.8431973239306,39.932417465468816,739.1109210621779,0.9779901456267633,2917.8938053880006,0.9772808424338669
Cell1,400,-718.3668958430143,0.0,3507,718.3668958430143,39.959566495353776,739.1109210621779,0.971933813142211,3636.2607012310145,0.9724245407188187
Cell1,500,-714.9787006955092,0.0,3491,714.9787006955092,39.96187810554742,739.1109210621779,0.9673496633874815,4351.239401926524,0.9673631479878205
Cell1,600,-711.6204053941345,0.0,3475,711.6204053941345,39.95113607091416,739.1109210621779,0.9628059674337693,5062.859807320659,0.9633787307829271
Cell1,700,-709.5321170323996,0.0,3455,709.5321170323996,39.995794187311915,739.1109210621779,0.9599805615275302,5772.391924353058,0.959260860108912
Cell1,800,-705.8480111354505,0.0,3437,705.8480111354505,40.00326113397705,739.1109210621779,0.9549960513654362,6478.239935488508,0.9551679117288185
Cell1,900,-702.5449768529222,0.0,3421,702.5449768529222,40.02312589248078,739.1109210621779,0.9505271222934892,7180.784912341431,0.9506054619929815
Cell1,1000,-699.4156477527364,0.0,3406,699.4156477527364,39.990410718475616,739.1109210621779,0.9462932123200191,7880.2005600941675,0.9462919822667631
Cell1,1100,-696.2835912151658,0.0,3391,696.2835912151658,40.03122921387464,739.1109210621779,0.9420556121867812,8576.484151309332,0.942107814885709
Cell1,1200,-693.2672854322545,0.0,3376,693.2672854322545,39.99679340412766,739.1109210621779,0.9379746201503268,9269.751436741588,0.9380277536772234
Cell1,1300,-690.3687943593548,0.0,3362,690.3687943593548,39.97665013026059,739.1109210621779,0.9340530286945622,9960.120231100942,0.934120198314259
Cell1,1400,-687.6192406848993,0.0,3349,687.6192406848993,40.01545038176692,739.1109210621779,0.9303329460978877,10647.739471785842,0.9289604089654766
Cell1,1600,-681.8263154580586,0.0,3320,681.8263154580586,0.5203090025138987,739.1109210621779,0.92249525210398,11329.5657872439,0.9224292885273879
Cell1,1800,-675.8871270316637,0.0,3291,675.8871270316637,40.011913868330275,739.1109210621779,0.9144596673802964,12005.452914275564,0.9157203473667491
Cell1,1900,-672.743285643124,0.0,3276,672.743285643124,40.05129209829004,739.1109210621779,0.910206122615971,12678.196199918688,0.9102658132792149
Cell1,2000,-669.7317983178508,0.0,3262,669.7317983178508,39.91998354406504,739.1109210621779,0.9061316498413767,13347.927998236539,0.906446520014775
Cell1,2100,-667.4184829442038,0.0,3250,667.4184829442038,39.95640204146803,739.1109210621779,0.9030017875869771,14015.346481180743,0.9024819976077079
Cell1,2200,-663.9526202195469,0.0,3234,663.9526202195469,40.01747421075424,739.1109210621779,0.8983125553947697,14679.29910140029,0.8987422839210549
Cell1,2300,-661.4396086354981,0.0,3221,661.4396086354981,40.02946899255526,739.1109210621779,0.8949125087814178,15340.738710035788,0.894599453691869
Cell1,2400,-658.2324497447104,0.0,3206,658.2324497447104,40.04254699444242,739.1109210621779,0.8905732968994196,15998.971159780498,0.8911490676907841
Cell1,2500,-656.3019662937012,0.0,3196,656.3019662937012,40.072927037687606,739.1109210621779,0.8879613973915149,16655.2731260742,0.8872441222964808
Cell1,2600,-652.7810452742547,0.0,3179,652.7810452742547,40.071478280334865,739.1109210621779,0.8831976725985075,17308.054171348453,0.8841060366844701
Cell1,2700,-651.274269703515,0.0,3172,651.274269703515,40.09255409831348,739.1109210621779,0.8811590400633876,17959.32844105197,0.880745303510548
Cell1,2800,-648.8501025188361,0.0,3160,648.8501025188361,40.08129207357534,739.1109210621779,0.877879197869749,18608.178543570804,0.8772459615784048
Cell1,2900,-645.0218397585212,0.0,3141,645.0218397585212,40.06213982795626,739.1109210621779,0.872699646802078,19253.200383329327,0.8740415327899673
Cell1,3000,-644.1689847636143,0.0,3137,644.1689847636143,40.143718363048926,739.1109210621779,0.871545753698075,19897.36936809294,0.8709923996725504
Cell1,3100,-642.0891597582703,0.0,3127,642.0891597582703,40.10483547649754,739.1109210621779,0.8687317985174979,20539.45852785121,0.8681741864799376
Cell1,3200,-638.7729233128966,0.0,3111,638.7729233128966,40.021652464926305,739.1109210621779,0.86424500722424,21178.23145116411,0.8653105023689918
Cell1,3300,-637.8192441609972,0.0,3106,637.8192441609972,40.03166023306909,739.1109210621779,0.8629547013652372,21816.050695325106,0.8608519285594861
Cell1,3500,-632.2030179733683,0.0,3079,632.2030179733683,33.89443057992065,739.1109210621779,0.8553560770889814,22448.253713298473,0.8576821629622186
Cell1,3600,-631.7444982024535,0.0,3077,631.7444982024535,39.9534752353611,739.1109210621779,0.854735710432437,23079.998211500926,0.853939395574144
Cell1,3700,-629.5202834064332,0.0,3066,629.5202834064332,27.260292404398736,739.1109210621779,0.8517263992010133,23709.51849490736,0.8509122445518088
Cell1,3800,-625.4908168324312,0.0,3046,625.4908168324312,40.00224682833096,739.1109210621779,0.8462746240219763,24335.009311739792,0.8479870230957901
Cell1,3900,-625.2583088284471,0.0,3045,625.2583088284471,40.02586284523685,739.1109210621779,0.845960046064381,24960.267620568236,0.8452958985390961
Cell1,4000,-623.5531647570597,0.0,3037,623.5531647570597,40.07442519589826,739.1109210621779,0.8436530255309312,25583.820785325297,0.8430349078944849
Cell1,4100,-620.4774481988763,0.0,3022,620.4774481988763,40.05652424764176,739.1109210621779,0.8394916520881424,26204.298233524172,0.8404463723056388
Cell1,4200,-619.5186640586243,0.0,3017,619.5186640586243,40.072931481945076,739.1109210621779,0.8381944392978427,26823.816897582798,0.837765072949908
Cell1,4300,-617.6078318476868,0.0,3008,617.6078318476868,40.03223420157308,739.1109210621779,0.8356091274637388,27441.424729430484,0.8356222901161806
Cell1,4400,-615.7261856172588,0.0,2999,615.7261856172588,40.03940369030273,739.1109210621779,0.8330633035869601,28057.150915047743,0.8325671684704031
Cell1,4500,-612.7444427379218,0.0,2984,612.7444427379218,39.96839936025682,739.1109210621779,0.8290290743605105,28669.895357785666,0.8301957516503435
Cell1,4600,-612.349611637397,0.0,2983,612.349611637397,39.98122606349771,739.1109210621779,0.8284948770035598,29282.244969423064,0.8271067517091962
Cell1,4800,-608.8768448422716,0.0,2966,608.8768448422716,40.017398016479,739.1109210621779,0.8237963037635181,29891.121814265334,0.8232924831744116
Cell1,5000,-604.2869401481527,0.0,2944,604.2869401481527,39.93478959917965,739.1109210621779,0.8175862687561571,30495.408754413485,0.8191692250545284
Cell1,5100,-603.2069763171048,0.0,2938,603.2069763171048,40.00023532442569,739.1109210621779,0.81612510264391,31098.61573073059,0.8150864170290267
Cell1,5200,-599.8239008415256,0.0,2922,599.8239008415256,40.25311631967273,739.1109210621779,0.8115478796870129,31698.439631572117,0.8130908723217058
Cell1,5300,-599.8621534882067,0.0,2922,599.8621534882067,40.26094645074356,739.1109210621779,0.8115996346341946,32298.301785060325,0.810814139302932
Cell1,5400,-598.158701601549,0.0,2914,598.158701601549,40.281472047674455,739.1109210621779,0.8092949035875885,32896.460486661876,0.8083139496691442
Cell1,5500,-594.2801484523485,0.0,2895,594.2801484523485,40.31289865478451,739.1109210621779,0.8040473107856494,33490.74063511422,0.8058810352413861
Cell1,5600,-594.4675726175096,0.0,2896,594.4675726175096,40.32536442096597,739.1109210621779,0.8043008913509206,34085.20820773173,0.8034901670854729
Cell1,5700,-592.857351306983,0.0,2888,592.857351306983,40.33174409192282,739.1109210621779,0.8021222991198484,34678.06555903871,0.8017516903572472
Cell1,5800,-590.4253670448167,0.0,2876,590.4253670448167,40.34101856243561,739.1109210621779,0.7988318806009727,35268.490926083534,0.7994875023256874
Cell1,5900,-589.4471143131173,0.0,2871,589.4471143131173,40.353252347710686,739.1109210621779,0.7975083272562412,35857.93804039665,0.7973497786648691
Cell1,6000,-588.1173065952115,0.0,2865,588.1173065952115,40.32110167725493,739.1109210621779,0.7957091281373936,36446.05534699186,0.795155702075664
Cell1,6100,-585.5603691386312,0.0,2853,585.5603691386312,40.362987072219134,739.1109210621779,0.7922496508333569,37031.61571613049,0.7934866991578106
Cell1,6200,-585.7463794615072,0.0,2853,585.7463794615072,40.31705351299447,739.1109210621779,0.7925013185026814,37617.362095592,0.7916983002131676
Cell1,6300,-584.1518310216064,0.0,2846,584.1518310216064,40.329697036088604,739.1109210621779,0.7903439313034647,38201.5139266136,0.7897659753722234
Cell1,6400,-581.2757619596863,0.0,2831,581.2757619596863,40.40439818651015,739.1109210621779,0.7864526763105241,38782.78968857329,0.787920694763323
Cell1,6500,-581.6547783101196,0.0,2834,581.6547783101196,40.38431275271587,739.1109210621779,0.7869654766759802,39364.44446688341,0.7860633316637564
Cell1,6600,-580.0334389678039,0.0,2826,580.0334389678039,40.40178690553892,739.1109210621779,0.7847718420047651,39944.477905851214,0.7844208710325357
Cell1,6700,-577.6338801898363,0.0,2814,577.6338801898363,40.36763177749418,739.1109210621779,0.7815252944168616,40522.11178604105,0.7825874133016274
Cell1,6800,-577.5893924134589,0.0,2814,577.5893924134589,40.35394809303726,739.1109210621779,0.7814651034832552,41099.70117845451,0.780956323817001
Cell1,6900,-576.416770813853,0.0,2808,576.416770813853,40.36436692657541,739.1109210621779,0.7798785735508862,41676.11794926836,0.7789106672933626
Cell1,7000,-573.0979789577467,0.0,2792,573.0979789577467,40.31918199394856,739.1109210621779,0.7753883248459464,42249.215928226105,0.7768850744142597
Cell1,7100,-573.0979789577467,0.0,2792,573.0979789577467,40.31918199394857,739.1109210621779,0.7753883248459464,42822.31390718385,0.7762332530705415
Cell1,7200,-574.9714659926825,0.0,2801,574.9714659926825,40.361263091215704,739.1109210621779,0.7779231095197319,43397.285373176535,0.7757550140948123
Cell1,7300,-572.0375640082297,0.0,2787,572.0375640082297,40.41774515626306,739.1109210621779,0.773953607918759,43969.32293718477,0.7745547453689294
Cell1,7400,-570.436583787218,0.0,2779,570.436583787218,40.36259633333333,739.1109210621779,0.7717875186682972,44539.75952097199,0.771531470473079
Cell1,7500,-568.267859513994,0.0,2768,568.267859513994,40.34326037380253,739.1109210621779,0.7688532848321806,45108.02738048598,0.7696171643536011
Cell1,7600,-567.7929103307428,0.0,2766,567.7929103307428,40.34577660501663,739.1109210621779,0.7682106895603251,45675.82029081672,0.767956000579736
Cell1,7700,-566.7532309264086,0.0,2761,566.7532309264086,40.37030054684029,739.1109210621779,0.7668040273467023,46242.57352174313,0.7661334112424792
Cell1,7800,-564.2265724626601,0.0,2749,564.2265724626601,40.36664986034463,739.1109210621779,0.7633855168204102,46806.80009420579,0.7645661170530555
Cell1,7900,-564.3176975749817,0.0,2749,564.3176975749817,40.37917218568078,739.1109210621779,0.763508806992054,47371.11779178077,0.7628943894510242
Cell1,8000,-563.0464545433011,0.0,2743,563.0464545433011,40.35615980491658,739.1109210621779,0.7617888445406081,47934.16424632407,0.7609943699197554
Cell1,8100,-560.0135969052836,0.0,2728,560.0135969052836,40.39766955997992,739.1109210621779,0.757685458226604,48494.17784322936,0.7593400784359408
Cell1,8200,-560.6495828680589,0.0,2732,560.6495828680589,40.32977521245889,739.1109210621779,0.75854593254061,49054.827426097414,0.758115695383607
Cell2,0,-734.8189656975843,0.0,3578,734.8189656975843,40.06382222800179,734.8189656975843,1.0,734.8189656975843,0.9944224984832712
Cell2,100,-726.6220579061855,0.0,3539,726.6220579061855,40.035719226807835,734.8189656975843,0.9888449969665424,1461.4410236037697,0.9905379263728517
Cell2,200,-722.1571400208163,0.0,3517,722.1571400208163,40.04972668909541,734.8189656975843,0.9827687821520125,2183.598163624586,0.9834598357489771
Cell2,300,-719.2156200035366,0.0,3503,719.2156200035366,40.02047988358263,734.8189656975843,0.9787657281283765,2902.813783628123,0.9779982862592754
Cell2,400,-714.5823074647996,0.0,3480,714.5823074647996,40.0324200260485,734.8189656975843,0.9724603484974377,3617.3960910929222,0.9729923075974928
Cell2,500,-711.1216758331502,0.0,3464,711.1216758331502,40.033726575316436,734.8189656975843,0.9677508461666642,4328.517766926073,0.9679325535984639
Cell2,600,-708.0616104027846,0.0,3449,708.0616104027846,40.02091356986731,734.8189656975843,0.9635864661312896,5036.579377328857,0.9637903296996034
Cell2,700,-705.4509534216545,0.0,3434,705.4509534216545,40.040977051654934,734.8189656975843,0.9600336768008567,5742.030330750512,0.9596117747193613
Cell2,800,-701.9102314870742,0.0,3417,701.9102314870742,40.04702676542827,734.8189656975843,0.9552151812259377,6443.940562237586,0.9556168587531687
Cell2,900,-699.2549903478053,0.0,3404,699.2549903478053,40.061118777366126,734.8189656975843,0.9516017182327118,7143.195552585391,0.9516307529601389
Cell2,1000,-696.6637550136685,0.0,3391,696.6637550136685,40.03745929146483,734.8189656975843,0.9480753594217672,7839.859307599059,0.9480355644302517
Cell2,1100,-693.9847933360154,0.0,3378,693.9847933360154,40.07402535030748,734.8189656975843,0.9444296156362759,8533.844100935075,0.9443821124892006
Cell2,1200,-691.2011130181581,0.0,3365,691.2011130181581,40.05384481503418,734.8189656975843,0.9406413624095582,9225.045213953234,0.9405801286141
Cell2,1300,-688.2824454375678,0.0,3351,688.2824454375678,40.04084436337752,734.8189656975843,0.9366694077964659,9913.327659390801,0.9367071000333027
Cell2,1400,-685.4468687684393,0.0,3337,685.4468687684393,40.07296746877382,734.8189656975843,0.9328105298938839,10598.77452815924,0.931404165044972
Cell2,1600,-679.5110214082981,0.0,3308,679.5110214082981,40.11125154993274,734.8189656975843,0.9247325574445663,11278.28554956754,0.9249277400144292
Cell2,1800,-674.0054456104837,0.0,3281,674.0054456104837,40.0672464859164,734.8189656975843,0.9172401327048375,11952.290995178022,0.9182153903527231
Cell2,1900,-670.6497832609933,0.0,3265,670.6497832609933,40.091444491970286,734.8189656975843,0.9126734809087659,12622.940778439015,0.9126999998875179
Cell2,2000,-667.3525808571167,0.0,3249,667.3525808571167,39.99614938288993,734.8189656975843,0.9081863860489503,13290.293359296133,0.908721760196021
Cell2,2100,-665.2355876842753,0.0,3238,665.2355876842753,40.01993236279131,734.8189656975843,0.905305413630347,13955.528946980408,0.9045908367068898
Cell2,2200,-661.5433404840155,0.0,3220,661.5433404840155,40.06326819195108,734.8189656975843,0.9002807104413723,14617.072287464423,0.9011430030630464
Cell2,2300,-659.7519802009176,0.0,3212,659.7519802009176,40.07352570239588,734.8189656975843,0.89784288511742,15276.82426766534,0.897083864374657
Cell2,2400,-656.2873914063993,0.0,3195,656.2873914063993,40.08017496718812,734.8189656975843,0.8931279975651788,15933.11165907174,0.8939569103849722
Cell2,2500,-654.6501051945633,0.0,3187,654.6501051945633,40.09653779430643,734.8189656975843,0.890899848472318,16587.761764266303,0.8897097747953007
Cell2,2600,-650.3893528573778,0.0,3166,650.3893528573778,40.09176200755247,734.8189656975843,0.8851014783484051,17238.15111712368,0.8867058248848431
Cell2,2700,-649.6653133077699,0.0,3163,649.6653133077699,40.10482149881052,734.8189656975843,0.8841161478338061,17887.816430431452,0.8832958292937588
Cell2,2800,-647.1329168947415,0.0,3150,647.1329168947415,40.08770390756811,734.8189656975843,0.8806698616990649,18534.949347326194,0.8795513569560511
Cell2,2900,-642.1348249865453,0.0,3126,642.1348249865453,40.07160010821236,734.8189656975843,0.8738680613352823,19177.084172312738,0.8759404765749929
Cell2,3000,-641.7052831471693,0.0,3124,641.7052831471693,40.12205009327497,734.8189656975843,0.8732835066906316,19818.789455459908,0.872249002109739
Cell2,3100,-638.9952205493706,0.0,3111,638.9952205493706,40.0971134135218,734.8189656975843,0.869595438303303,20457.784676009276,0.8689990086708397
Cell2,3200,-634.9703545346578,0.0,3091,634.9703545346578,40.074373368358025,734.8189656975843,0.8641180810185847,21092.755030543936,0.8655983251127538
Cell2,3300,-634.2086228227167,0.0,3087,634.2086228227167,40.04597287114817,734.8189656975843,0.8630814560163735,21726.963653366653,0.8604767267445786
Cell2,3500,-627.7048777025079,0.0,3056,627.7048777025079,33.93106973850794,734.8189656975843,0.8542306431987776,22354.66853106916,0.8573692583905131
Cell2,3600,-628.1200744890406,0.0,3058,628.1200744890406,39.97851934932076,734.8189656975843,0.8547956759563882,22982.788605558202,0.8537070683091851
Cell2,3700,-626.1354826394687,0.0,3048,626.1354826394687,27.187734038587678,734.8189656975843,0.8520948857723898,23608.92408819767,0.8507373733958175
Cell2,3800,-621.1583132684733,0.0,3024,621.1583132684733,40.012357294175196,734.8189656975843,0.8453215584586746,24230.08240146614,0.8477174996689855
Cell2,3900,-621.4628930235764,0.0,3025,621.4628930235764,40.0217395650986,734.8189656975843,0.8457360547758919,24851.54529448972,0.8447157953435823
Cell2,4000,-619.5183548363003,0.0,3016,619.5183548363003,40.056973352970104,734.8189656975843,0.84308977279618,25471.06364932602,0.8421649159227448
Cell2,4100,-615.5350095355564,0.0,2997,615.5350095355564,40.04285190541208,734.8189656975843,0.8376689201961625,26086.598658861574,0.8391797023999814
Cell2,4200,-614.8821184840259,0.0,2993,614.8821184840259,40.05138999020128,734.8189656975843,0.8367804142076015,26701.4807773456,0.8361762374997936
Cell2,4300,-612.8973459219055,0.0,2984,612.8973459219055,40.01833768109873,734.8189656975843,0.8340793780956168,27314.378123267506,0.8340794831537197
Cell2,4400,-610.9128049558445,0.0,2974,610.9128049558445,40.02336333227747,734.8189656975843,0.8313786571579407,27925.290928223352,0.8306320745970187
Cell2,4500,-607.28245491411,0.0,2956,607.28245491411,40.00941999664166,734.8189656975843,0.8264381885374987,28532.57338313746,0.8279415225056367
Cell2,4600,-606.9661398070712,0.0,2955,606.9661398070712,39.98165289705303,734.8189656975843,0.8260077218214709,29139.53952294453,0.8244833106721329
Cell2,4800,-603.2893260278694,0.0,2937,603.2893260278694,40.01148199344546,734.8189656975843,0.8210040216574294,29742.828848972404,0.8056186630231789
Cell2,5000,-565.6961522931484,0.0,2754,565.6961522931484,39.954908821461444,734.8189656975843,0.7698442455906362,30308.52500126555,0.7924420879075139
Cell2,5100,-577.9189479132826,0.0,2814,577.9189479132826,39.9975281189471,734.8189656975843,0.7864779964744758,30886.443949178833,0.7798271328285487
Cell2,5200,-575.4802012975294,0.0,2802,575.4802012975294,40.147955998345346,734.8189656975843,0.783159156420534,31461.924150476363,0.7867144180947876
Cell2,5300,-580.878875800554,0.0,2828,580.878875800554,40.14954898784844,734.8189656975843,0.790506101389353,32042.803026276917,0.7881238694768337
Cell2,5400,-581.026022733551,0.0,2829,581.026022733551,40.16649136614783,734.8189656975843,0.790706350620614,32623.829049010466,0.7883375694937067
Cell2,5500,-575.9512937736342,0.0,2804,575.9512937736342,40.18329370447894,734.8189656975843,0.7838002564711534,33199.7803427841,0.7874263644033146
Cell2,5600,-578.8701634543729,0.0,2818,578.8701634543729,40.19252902566293,734.8189656975843,0.7877724861181763,33778.650506238475,0.7860714524563127
Cell2,5700,-578.0391777470296,0.0,2814,578.0391777470296,40.19684681872302,734.8189656975843,0.7866416147796087,34356.6896839855,0.7857733566748504
Cell2,5800,-575.294154472195,0.0,2801,575.294154472195,40.20750999828339,734.8189656975843,0.7829059691267659,34931.9838384577,0.7838692502075695
Cell2,5900,-574.6726428197767,0.0,2798,574.6726428197767,40.21308665660914,734.8189656975843,0.7820601667163337,35506.656481277474,0.7815834894914783
Cell2,6000,-573.0003167713386,0.0,2790,573.0003167713386,40.18619894025759,734.8189656975843,0.779784332631335,36079.65679804882,0.7780314093200579
Cell2,6100,-567.463746839281,0.0,2763,567.463746839281,40.22130622375118,734.8189656975843,0.772249728612505,36647.120544888094,0.776127503317913
Cell2,6200,-570.4755641019322,0.0,2778,570.4755641019322,40.1823594979239,734.8189656975843,0.7763484487098992,37217.59610899003,0.7742225949749914
Cell2,6300,-568.8010284364556,0.0,2769,568.8010284364556,40.18922459622885,734.8189656975843,0.7740696076025702,37786.39713742648,0.7720730565986443
Cell2,6400,-562.7251821399774,0.0,2740,562.7251821399774,40.250038345115925,734.8189656975843,0.765801113483464,38349.122319566464,0.7699494539159027
Cell2,6500,-565.7941735212776,0.0,2755,565.7941735212776,40.24221676887619,734.8189656975843,0.7699776406616741,38914.91649308774,0.7676970538360908
Cell2,6600,-563.8357095455017,0.0,2745,563.8357095455017,40.25087117287915,734.8189656975843,0.7673124073631341,39478.75220263324,0.7671111017295829
Cell2,6700,-561.4334759774204,0.0,2734,561.4334759774204,40.24825622632883,734.8189656975843,0.7640432571639407,40040.18567861066,0.7662985823277405
Cell2,6800,-564.0030095218641,0.0,2746,564.0030095218641,40.23863462459782,734.8189656975843,0.7675400824561465,40604.188688132526,0.7655238060332551
Cell2,6900,-562.1277485994194,0.0,2737,562.1277485994194,40.24635835026707,734.8189656975843,0.764988078479678,41166.31643673194,0.7631551701559663
Cell2,7000,-556.2119202810296,0.0,2708,556.2119202810296,40.21145695231476,734.8189656975843,0.7569373495320743,41722.528357012976,0.7596766123868056
Cell2,7100,-556.3346788557027,0.0,2709,556.3346788557027,40.24164248022161,734.8189656975843,0.757104409148665,42278.86303586868,0.7572995085636535
Cell2,7200,-556.887525681366,0.0,2712,556.887525681366,40.27396489173977,734.8189656975843,0.7578567670102214,42835.75056155004,0.7577099042350725
Cell2,7300,-557.1166198494262,0.0,2713,557.1166198494262,40.24098088528659,734.8189656975843,0.7581685365463312,43392.867181399466,0.732805977529596
Cell2,7400,-501.4350458651225,0.0,2442,501.4350458651225,40.23812827775141,734.8189656975843,0.6823926290322353,43894.30222726459,0.7352311446476737
Cell2,7500,-562.233702061415,0.0,2738,562.233702061415,40.22652283467015,734.8189656975843,0.7651322683644546,44456.535929326004,0.7359185919804113
Cell2,7600,-558.6320678634678,0.0,2720,558.6320678634678,40.249600732004176,734.8189656975843,0.7602308785445442,45015.16799718948,0.7556421460549795
Cell2,7700,-544.914770679986,0.0,2653,544.914770679986,40.26056919326386,734.8189656975843,0.7415632912559396,45560.08276786946,0.7508970849002419
Cell3,0,-735.119595112905,0.0,3588,735.119595112905,40.05691171008478,735.119595112905,1.0,735.119595112905,0.9942646284188328
Cell3,100,-726.6872270437656,0.0,3547,726.6872270437656,40.03538557472672,735.119595112905,0.9885292568376656,1461.8068221566705,0.9905597548059458
Cell3,200,-722.7328355075854,0.0,3528,722.7328355075854,40.050469456562865,735.119595112905,0.9831500075801718,2184.539657664256,0.9837976299342334
Cell3,300,-720.2066836195169,0.0,3515,720.2066836195169,40.03315963064151,735.119595112905,0.9797136253848631,2904.746341283773,0.9789744241980868
Cell3,400,-716.0503279000582,0.0,3495,716.0503279000582,40.03896441417266,735.119595112905,0.9740596396292251,3620.796669183831,0.9745992608011997
Cell3,500,-713.0840304729683,0.0,3481,713.0840304729683,40.045780332379444,735.119595112905,0.9700245173895108,4333.880699656799,0.9699975734410886
Cell3,600,-710.0583119725138,0.0,3467,710.0583119725138,40.03253182726467,735.119595112905,0.9659085633045299,5043.939011629313,0.9665774423602446
Cell3,700,-708.5077117739089,0.0,3450,708.5077117739089,40.057202445161884,735.119595112905,0.9637992463866932,5752.446723403222,0.9631714192851916
Cell3,800,-705.5725275613336,0.0,3436,705.5725275613336,40.06698814955405,735.119595112905,0.9598064481643516,6458.019250964556,0.9600673543697936
Cell3,900,-703.2127351410794,0.0,3424,703.2127351410794,40.07705519402292,735.119595112905,0.9565963685583363,7161.231986105635,0.9566141917175145
Cell3,1000,-700.8922491815016,0.0,3413,700.8922491815016,40.05755802482832,735.119595112905,0.9534397584298558,7862.124235287137,0.9534844403334737
Cell3,1100,-698.6703028506131,0.0,3403,698.6703028506131,40.09270043167083,735.119595112905,0.950417194012229,8560.79453813775,0.9503707942762576
Cell3,1200,-696.3460284543626,0.0,3391,696.3460284543626,40.069592094932744,735.119595112905,0.9472554303866879,9257.140566592112,0.947214751958643
Cell3,1300,-693.9320435294495,0.0,3380,693.9320435294495,40.060637401983556,735.119595112905,0.9439716314770121,9951.072610121562,0.9439535921138694
Cell3,1400,-691.4782753365478,0.0,3368,691.4782753365478,40.08897003546903,735.119595112905,0.9406337144779082,10642.55088545811,0.9394454583726635
Cell3,1600,-686.4039761027119,0.0,3343,686.4039761027119,40.121415677966105,735.119595112905,0.9337310291630697,11328.954861560822,0.9336388654085263
Cell3,1800,-681.1264227231039,0.0,3317,681.1264227231039,40.093701906996834,735.119595112905,0.9265518525846009,12010.081284283926,0.9276323604581389
Cell3,1900,-678.2317768750305,0.0,3303,678.2317768750305,40.114807157260785,735.119595112905,0.9226141996267461,12688.313061158955,0.9226494432676037
Cell3,2000,-675.4148558999498,0.0,3289,675.4148558999498,40.03998613538879,735.119595112905,0.918782277591464,13363.727917058906,0.9191422533729723
Cell3,2100,-673.3918106771276,0.0,3280,673.3918106771276,40.06359833434749,735.119595112905,0.9160302829007071,14037.119727736033,0.915367563954721
Cell3,2200,-669.9072324045648,0.0,3262,669.9072324045648,40.10169880308202,735.119595112905,0.911290131371992,14707.026960140598,0.9119995743438114
Cell3,2300,-667.9872304226006,0.0,3253,667.9872304226006,40.10802090741828,735.119595112905,0.9086783087587351,15375.014190563199,0.9082773738987607
Cell3,2400,-665.1830232248433,0.0,3239,665.1830232248433,40.11912328329131,735.119595112905,0.9048636815655549,16040.197213788042,0.9052264068911363
Cell3,2500,-663.1787555105219,0.0,3230,663.1787555105219,40.13525760477114,735.119595112905,0.9021372303491191,16703.375969298562,0.9014403278356621
Cell3,2600,-659.6375677156237,0.0,3212,659.6375677156237,40.13201200039605,735.119595112905,0.8973200715923125,17363.013537014187,0.8983513820217713
Cell3,2700,-658.3707894367438,0.0,3207,658.3707894367438,40.1418930944895,735.119595112905,0.8955968441238823,18021.38432645093,0.8950303945346582
Cell3,2800,-655.8547865798171,0.0,3194,655.8547865798171,40.132817226186916,735.119595112905,0.8921742678877798,18677.239113030748,0.8915533396874739
Cell3,2900,-651.9694142612814,0.0,3175,651.9694142612814,40.12334612128192,735.119595112905,0.8868889070507597,19329.20852729203,0.8882008879807816
Cell3,3000,-650.9774306129659,0.0,3171,650.9774306129659,40.16454325825022,735.119595112905,0.885539489003805,19980.185957904996,0.8849699126083196
Cell3,3100,-648.7293266569452,0.0,3160,648.7293266569452,40.151447493770355,735.119595112905,0.8824813417703941,20628.91528456194,0.8818520158702977
Cell3,3200,-645.0933332983059,0.0,3142,645.0933332983059,40.13875504870973,735.119595112905,0.8775352168366941,21274.008617860247,0.8760494016697379
Cell3,3500,-638.1805844078301,0.0,3108,638.1805844078301,33.93243356925704,735.119595112905,0.8681316464021255,21912.189202268077,0.8710700256844129
Cell3,3600,-637.7480160822042,0.0,3106,637.7480160822042,40.06757817694672,735.119595112905,0.8675432138144192,22549.937218350282,0.8669005101530507
Cell3,3700,-635.89805559061,0.0,3097,635.89805559061,27.332409848810833,735.119595112905,0.8650266702426075,23185.83527394089,0.8642530670110254
Cell3,3800,-632.3420224158799,0.0,3080,632.3420224158799,40.097053305282344,735.119595112905,0.8601893169760496,23818.17729635677,0.8615174131178035
Cell3,3900,-631.7149177351412,0.0,3077,631.7149177351412,40.10961491152945,735.119595112905,0.8593362521347534,24449.892214091913,0.8586889786719091
Cell3,4000,-629.6603428366021,0.0,3067,629.6603428366021,40.140047477316735,735.119595112905,0.8565413669049242,25079.552556928513,0.8561136393774801
Cell3,4100,-626.6624752776828,0.0,3052,626.6624752776828,40.13149812057599,735.119595112905,0.8524632990927625,25706.215032206197,0.8533715225307125
Cell3,4200,-625.6675662566968,0.0,3047,625.6675662566968,40.142894318189725,735.119595112905,0.8511099015944503,26331.882598462893,0.8507155132928452
Cell3,4300,-623.802889529931,0.0,3038,623.802889529931,40.11665827416373,735.119595112905,0.8485733391913227,26955.685487992825,0.8485390390534855
Cell3,4400,-621.8625686928474,0.0,3029,621.8625686928474,40.11774204229195,735.119595112905,0.8459338763746832,27577.54805668567,0.84526503159142
Cell3,4500,-618.4472051369663,0.0,3012,618.4472051369663,40.104329847293926,735.119595112905,0.8412878792082541,28195.995261822638,0.8423603673957704
Cell3,4600,-617.397062827596,0.0,3007,617.397062827596,40.08299756718205,735.119595112905,0.8398593466043734,28813.392324650235,0.8387174394521159
Cell3,4800,-613.8286055479532,0.0,2990,613.8286055479532,40.10747132488226,735.119595112905,0.8350050925437199,29427.22093019819,0.8343996136382383
Cell3,5000,-608.9248500447693,0.0,2966,608.9248500447693,40.05675965797546,735.119595112905,0.8283344017666217,30036.145780242958,0.8299388945161015
Cell3,5100,-607.559576722663,0.0,2960,607.559576722663,40.08825290310701,735.119595112905,0.8264771892379628,30643.70535696562,0.8256868110480536
Cell3,5200,-604.4512359157004,0.0,2944,604.4512359157004,40.15675273906491,735.119595112905,0.8222488421395765,31248.15659288132,0.8236166332250527
Cell3,5300,-604.3593651956008,0.0,2944,604.3593651956008,40.154215285200635,735.119595112905,0.8221238682976189,31852.51595807692,0.8213248940888604
Cell3,5400,-602.5054696849569,0.0,2935,602.5054696849569,40.17409746189618,735.119595112905,0.8196019718293861,32455.02142776188,0.819079318579209
Cell3,5500,-599.4989362373487,0.0,2920,599.4989362373487,40.189967516167535,735.119595112905,0.8155121156106216,33054.520363999225,0.8169333084631903
Cell3,5600,-599.6266429328138,0.0,2921,599.6266429328138,40.19763551979714,735.119595112905,0.8156858379495635,33654.14700693204,0.8148663236728932
Cell3,5700,-597.9470266185133,0.0,2913,597.9470266185133,40.20429659384079,735.119595112905,0.8134010174584942,34252.09403355055,0.8131065956280193
Cell3,5800,-595.6181045337796,0.0,2901,595.6181045337796,40.21316805820433,735.119595112905,0.8102329314760005,34847.71213808433,0.8106280956027488
Cell3,5900,-594.1606611276211,0.0,2894,594.1606611276211,40.22317578315804,735.119595112905,0.8082503378737518,35441.87279921195,0.8080619924590168
Cell3,6000,-592.2878485063985,0.0,2885,592.2878485063985,40.19762014135052,735.119595112905,0.8057027080272982,36034.16064771835,0.8052142616373197
Cell3,6100,-589.3378363478698,0.0,2871,589.3378363478698,40.336884063450654,735.119595112905,0.8016897390109089,36623.49848406622,0.8028057053694457
Cell3,6200,-588.8489304022828,0.0,2869,588.8489304022828,40.29637795599985,735.119595112905,0.8010246690701301,37212.3474144685,0.8004817492325268
Cell3,6300,-587.1626914231025,0.0,2860,587.1626914231025,40.30407485045763,735.119595112905,0.7987308396165412,37799.51010589161,0.7984638772248989
Cell3,6400,-584.8877045881585,0.0,2849,584.8877045881585,40.36850683953677,735.119595112905,0.7956361229880251,38384.397810479764,0.7965442667243247
Cell3,6500,-584.6155005204129,0.0,2848,584.6155005204129,40.359071597248494,735.119595112905,0.7952658375684073,38969.01331100018,0.7946552801420917
Cell3,6600,-582.9967982685885,0.0,2840,582.9967982685885,40.37586849353208,735.119595112905,0.793063879869843,39552.01010926877,0.7935595055949598
Cell3,6700,-582.4711285638903,0.0,2837,582.4711285638903,40.36659307297558,735.119595112905,0.7923487993466289,40134.48123783266,0.7926772403162654
Cell3,6800,-582.6697890370449,0.0,2839,582.6697890370449,40.35962328495786,735.119595112905,0.7926190417323241,40717.1510268697,0.7918282737571677
Cell3,6900,-581.1245224090237,0.0,2831,581.1245224090237,40.36737746577492,735.119595112905,0.79051698019255,41298.275549278726,0.7901188257184323
Cell3,7000,-578.701182313585,0.0,2819,578.701182313585,40.331034789932964,735.119595112905,0.7872204552304226,41876.97673159231,0.7890298923433235
Cell3,7100,-580.2683002516004,0.0,2827,580.2683002516004,40.364310876246535,735.119595112905,0.7893522416069981,42457.245031843915,0.7874358896605603
Cell3,7200,-577.6091745887383,0.0,2814,577.6091745887383,40.40348761778964,735.119595112905,0.7857349721442602,43034.854206432654,0.786209531112987
Cell3,7300,-575.9966217167189,0.0,2806,575.9966217167189,40.359046827678405,735.119595112905,0.7835413795877025,43610.85082814937,0.7834016709324239
Cell3,7400,-574.0759611343926,0.0,2797,574.0759611343926,40.36670019301027,735.119595112905,0.7809286610653086,44184.92678928376,0.7813490947826521
Cell3,7500,-573.0825077442627,0.0,2792,573.0825077442627,40.3688571989107,735.119595112905,0.7795772436949453,44758.009297028024,0.7793383494278007
Cell3,7600,-571.5622067833184,0.0,2785,571.5622067833184,40.382359829429156,735.119595112905,0.7775091435231484,45329.57150381134,0.7774290356633392
Cell3,7700,-569.8652392499695,0.0,2776,569.8652392499695,40.37635327231651,735.119595112905,0.7752007197719242,45899.43674306131,0.7757200012385216
Cell3,7800,-569.3134736610447,0.0,2774,569.3134736610447,40.380763187207485,735.119595112905,0.7744501404204922,46468.75021672236,0.7740455436486086
Cell3,7900,-567.8694270267266,0.0,2767,567.8694270267266,40.372003760980625,735.119595112905,0.7724857707534093,47036.61964374909,0.7725023168421594
Cell3,8000,-566.4618704545966,0.0,2760,566.4618704545966,40.39225629479349,735.119595112905,0.7705710393525766,47603.08151420368,0.7709351475087081
Cell3,8100,-565.8573030034044,0.0,2757,565.8573030034044,40.35373889219288,735.119595112905,0.7697486324201382,48168.93881720708,0.7701598358863575
Cell4,0,-734.0756158938327,0.0,3575,734.0756158938327,40.41124431992161,734.0756158938327,1.0,734.0756158938327,0.9942880215951173
Cell4,100,-725.6895677627597,0.0,3534,725.6895677627597,40.38535585602251,734.0756158938327,0.9885760431902346,1459.7651836565924,0.9900370313785154
Cell4,200,-720.520947044064,0.0,3510,720.520947044064,40.39444747095373,734.0756158938327,0.9815350509453115,2180.2861307006565,0.9822375481528978
Cell4,300,-716.8993845363364,0.0,3491,716.8993845363364,40.37846963443732,734.0756158938327,0.9766015503231474,2897.1855152369926,0.9758437426885808
Cell4,400,-711.6089577103882,0.0,3466,711.6089577103882,40.38257840274341,734.0756158938327,0.9693946267972837,3608.794472947381,0.9699484322018161
Cell4,500,-707.5381360146926,0.0,3446,707.5381360146926,40.38968087225089,734.0756158938327,0.9638491194850175,4316.332608962073,0.96380379396286
Cell4,600,-703.3674972372165,0.0,3426,703.3674972372165,40.37503372319249,734.0756158938327,0.9581676356062787,5019.70010619929,0.959314606016881
Cell4,700,-701.7227474914652,0.0,3416,701.7227474914652,40.39736856181553,734.0756158938327,0.9559270629593468,5721.422853690755,0.9549860930623514
Cell4,800,-698.0057685756904,0.0,3398,698.0057685756904,40.40591080457691,734.0756158938327,0.9508635806214287,6419.428622266445,0.9509665553770076
Cell4,900,-694.5155634312847,0.0,3381,694.5155634312847,40.41201773563975,734.0756158938327,0.9461090225502471,7113.94418569773,0.9460600417934198
Cell4,1000,-690.9174915491741,0.0,3363,690.9174915491741,40.39242151827117,734.0756158938327,0.9412075222085834,7804.861677246904,0.9411482315453803
Cell4,1100,-687.1888481767409,0.0,3345,687.1888481767409,40.42707208965102,734.0756158938327,0.9361281498773105,8492.050525423645,0.9358968430796422
Cell4,1200,-682.9508147644314,0.0,3325,682.9508147644314,40.39855559094385,734.0756158938327,0.9303548571530329,9175.001340188077,0.930473387537743
Cell4,1300,-678.9738121475967,0.0,3305,678.9738121475967,40.39005726450703,734.0756158938327,0.9249371555828859,9853.975152335674,0.9248453679936839
Cell4,1400,-674.7946724375373,0.0,3285,674.7946724375373,40.419468163588306,734.0756158938327,0.9192440912451326,10528.769824773211,0.9176426041584934
Cell4,1600,-667.088694869066,0.0,3247,667.088694869066,40.45275408609056,734.0756158938327,0.908746565647462,11195.858519642277,0.9088025821155136
Cell4,1800,-659.50607827045,0.0,3210,659.50607827045,40.42262675908821,734.0756158938327,0.8984170894539459,11855.364597912727,0.9001775276976991
Cell4,1900,-655.8003460359124,0.0,3192,655.8003460359124,40.444042496269276,734.0756158938327,0.8933689279916893,12511.16494394864,0.8932514459705376
Cell4,2000,-651.8358917402749,0.0,3173,651.8358917402749,40.37157647446375,734.0756158938327,0.8879683204659777,13163.000835688914,0.8885408580926112
Cell4,2100,-649.1322951773172,0.0,3160,649.1322951773172,40.3953546244846,734.0756158938327,0.8842853258201665,13812.13313086623,0.8835582892655062
Cell4,2200,-644.827599194441,0.0,3139,644.827599194441,40.417177944850835,734.0756158938327,0.8784212215103744,14456.960730060671,0.8794255080650197
Cell4,2300,-642.7345700249701,0.0,3129,642.7345700249701,40.42225635076673,734.0756158938327,0.8755699768645183,15099.695300085643,0.8751785492083061
Cell4,2400,-639.779528362064,0.0,3115,639.779528362064,40.43013692965115,734.0756158938327,0.8715444492500258,15739.474828447706,0.8720384811449112
Cell4,2500,-637.9124570016852,0.0,3106,637.9124570016852,40.44619086088944,734.0756158938327,0.8690010173201893,16377.387285449391,0.8675474478900972
Cell4,2600,-632.8442960173883,0.0,3081,632.8442960173883,40.44160588901087,734.0756158938327,0.8620968771000762,17010.231581466778,0.8637227874546506
Cell4,2700,-631.3567584678583,0.0,3074,631.3567584678583,40.45436545876964,734.0756158938327,0.8600704679436861,17641.58833993464,0.8597821487627835
Cell4,2800,-629.2342766774427,0.0,3064,629.2342766774427,40.444959213480814,734.0756158938327,0.8571791012445877,18270.82261661208,0.8559509755819891
Cell4,2900,-624.4071835805257,0.0,3040,624.4071835805257,40.43499722307158,734.0756158938327,0.8506033575576933,18895.229800192606,0.8526213454666424
Cell4,3000,-624.0241576349928,0.0,3038,624.0241576349928,40.46958196230297,734.0756158938327,0.8500815775976458,19519.253957827597,0.8489007299257327
Cell4,3100,-621.0406372433505,0.0,3024,621.0406372433505,40.454738062296464,734.0756158938327,0.8460172546218588,20140.29459507095,0.8457323993424334
Cell4,3200,-617.4298009076539,0.0,3006,617.4298009076539,40.43923128626678,734.0756158938327,0.8410983658077957,20757.724395978603,0.8423657805852032
Cell4,3300,-616.6100994219123,0.0,3002,616.6100994219123,40.41962766823073,734.0756158938327,0.8399817213259552,21374.334495400515,0.8373568529586383
Cell4,3500,-610.0098423460355,0.0,2970,610.0098423460355,34.521453189221,734.0756158938327,0.8309904717421638,21984.344337746552,0.8335673845400248
Cell4,3600,-609.0845318177422,0.0,2965,609.0845318177422,40.370326321031754,734.0756158938327,0.8297299605519555,22593.428869564294,0.8291319377739553
Cell4,3700,-606.8422394722121,0.0,2955,606.8422394722121,27.377178608989812,734.0756158938327,0.8266753810277468,23200.271109036505,0.8255596889393034
Cell4,3800,-602.1429400557658,0.0,2932,602.1429400557658,40.395337031724885,734.0756158938327,0.8202737252382077,23802.414049092273,0.8224603407583535
Cell4,3900,-602.2590640433417,0.0,2932,602.2590640433417,40.40692484424779,734.0756158938327,0.820431916009106,24404.673113135614,0.8197203380310385
Cell4,4000,-600.8081319033984,0.0,2925,600.8081319033984,40.440337001556955,734.0756158938327,0.8184553728458017,25005.481245039013,0.8171814371837036
Cell4,4100,-596.5517044461636,0.0,2904,596.5517044461636,40.43108499236058,734.0756158938327,0.812657022696203,25602.032949485176,0.8141832957915714
Cell4,4200,-595.6564765764431,0.0,2900,595.6564765764431,40.44030473157913,734.0756158938327,0.8114374918327095,26197.689426061617,0.8109398228656083
Cell4,4300,-593.6652687461142,0.0,2890,593.6652687461142,40.415292409953125,734.0756158938327,0.8087249540679121,26791.35469480773,0.8088335660848628
Cell4,4400,-591.9132492154948,0.0,2882,591.9132492154948,40.416041378841854,734.0756158938327,0.8063382523539667,27383.267944023228,0.8054808639083553
Cell4,4500,-588.273065831058,0.0,2864,588.273065831058,40.39768630380121,734.0756158938327,0.801379385303187,27971.541009854285,0.8028248978634697
Cell4,4600,-587.8162290155369,0.0,2862,587.8162290155369,40.377772103171665,734.0756158938327,0.8007570559332556,28559.357238869823,0.7994707991942077
Cell4,4800,-584.5267630762735,0.0,2846,584.5267630762735,40.4015350441264,734.0756158938327,0.796275956346181,29143.884001946095,0.7967757281498614
Cell4,5000,-582.3379080207892,0.0,2835,582.3379080207892,40.348228341515195,734.0756158938327,0.7932941721701475,29726.221909966884,0.7937867275346783
Cell4,5100,-581.233771613044,0.0,2830,581.233771613044,40.39366795328953,734.0756158938327,0.7917900540877062,30307.45568157993,0.792542113128927
Cell5,0,-735.336070718255,0.0,3589,735.336070718255,41.04012130319355,735.336070718255,1.0,735.336070718255,0.9938743321169536
Cell5,100,-726.3272216149664,0.0,3546,726.3272216149664,41.03706049193766,735.336070718255,0.9877486642339074,1461.6632923332213,0.9896960813090026
Cell5,200,-721.6143905718282,0.0,3523,721.6143905718282,41.02330272450459,735.336070718255,0.9813395796931003,2183.2776829050495,0.9819013794175805
Cell5,300,-718.1408943344795,0.0,3506,718.1408943344795,41.046729839822504,735.336070718255,0.9766158943257337,2901.418577239529,0.9760857623924991
Cell5,400,-713.4979226988899,0.0,3483,713.4979226988899,41.0261162542948,735.336070718255,0.9703018131586633,3614.916499938419,0.9707888926766403
Cell5,500,-709.9294524799296,0.0,3466,709.9294524799296,41.04115196375365,735.336070718255,0.9654489705455237,4324.845952418349,0.9656116034526544
Cell5,600,-706.7197517896662,0.0,3451,706.7197517896662,41.0376040279826,735.336070718255,0.961084026653776,5031.565704208015,0.9614905399521225
Cell5,700,-704.4068227739054,0.0,3430,704.4068227739054,41.0220500091814,735.336070718255,0.9579386226570679,5735.97252698192,0.9574561643520848
Cell5,800,-701.0295867753294,0.0,3414,701.0295867753294,41.03273272151505,735.336070718255,0.9533458437454102,6437.002113757249,0.9536167680631129
Cell5,900,-698.2500120464782,0.0,3401,698.2500120464782,41.017551923062534,735.336070718255,0.949565837786861,7135.252125803728,0.9496053908433505
Cell5,1000,-695.5576916850586,0.0,3388,695.5576916850586,41.0230128714867,735.336070718255,0.9459044909977801,7830.809817488786,0.9457629788470698
Cell5,1100,-692.5531943570523,0.0,3373,692.5531943570523,41.02640814170308,735.336070718255,0.9418186077565683,8523.363011845839,0.9419223658566028
Cell5,1200,-689.7775882497999,0.0,3360,689.7775882497999,41.01883833865623,735.336070718255,0.9380439988154602,9213.14060009564,0.938094577795081
Cell5,1300,-687.1135597869533,0.0,3347,687.1135597869533,41.029694326341136,735.336070718255,0.9344211268132143,9900.254159882592,0.9344564834953725
Cell5,1400,-684.5275284553019,0.0,3334,684.5275284553019,41.03021916896749,735.336070718255,0.9309043248574427,10584.781688337895,0.9294095011435181
Cell5,1600,-678.643903735009,0.0,3305,678.643903735009,41.01206972386024,735.336070718255,0.9229030517598971,11263.425592072903,0.9228877045024845
Cell5,1800,-672.7264228388298,0.0,3276,672.7264228388298,41.02751164308609,735.336070718255,0.9148557368901135,11936.152014911733,0.9161227511496618
Cell5,1900,-669.6039858041315,0.0,3261,669.6039858041315,41.01656522597639,735.336070718255,0.9106094647989752,12605.756000715865,0.9106457350771454
Cell5,2000,-666.5615613009338,0.0,3247,666.5615613009338,41.052379531682774,735.336070718255,0.9064720035423474,13272.317562016799,0.9067408181618539
Cell5,2100,-664.112144055915,0.0,3235,664.112144055915,41.0388635357951,735.336070718255,0.9031409861442394,13936.429706072713,0.9028929809403478
Cell5,2200,-661.1156252944539,0.0,3220,661.1156252944539,41.03726039744518,735.336070718255,0.8990659531344564,14597.545331367168,0.8995039189253317
Cell5,2300,-659.0852626643066,0.0,3210,659.0852626643066,41.040453707087394,735.336070718255,0.8963048174972992,15256.630594031474,0.8956564385372077
Cell5,2400,-655.624570723609,0.0,3193,655.624570723609,41.034079608850085,735.336070718255,0.8915985449798675,15912.255164755083,0.8922368709442554
Cell5,2500,-653.572031102383,0.0,3183,653.572031102383,41.01135250692964,735.336070718255,0.8888072503555997,16565.827195857466,0.8882001996472555
Cell5,2600,-650.1803326333551,0.0,3167,650.1803326333551,40.99825434957499,735.336070718255,0.8841948036062991,17216.00752849082,0.8850410479026695
Cell5,2700,-648.6554560316094,0.0,3159,648.6554560316094,41.00579638518618,735.336070718255,0.8821210897461097,17864.66298452243,0.8817776304964439
Cell5,2800,-646.3729055045605,0.0,3148,646.3729055045605,41.02027311708829,735.336070718255,0.8790169981369229,18511.03589002699,0.8785536721325506
Cell5,2900,-643.0682540069614,0.0,3132,643.0682540069614,41.02955308488683,735.336070718255,0.8745229285146191,19154.10414403395,0.8755984337795569
Cell5,3000,-642.1361759560308,0.0,3128,642.1361759560308,40.980014339833154,735.336070718255,0.8732553746871288,19796.24031998998,0.8726225241643082
Cell5,3100,-639.8080244546916,0.0,3116,639.8080244546916,41.00538707445216,735.336070718255,0.8700892692911768,20436.048344444673,0.8696989390346505
Cell5,3200,-636.6188012020026,0.0,3101,636.6188012020026,41.02305500734265,735.336070718255,0.8657521731256456,21072.667145646676,0.8667203491902941
Cell5,3300,-635.56538229874,0.0,3096,635.56538229874,41.02929928871841,735.336070718255,0.8643196051540599,21708.232527945416,0.8618901472937538
Cell5,3500,-629.1525594045581,0.0,3065,629.1525594045581,34.785573874129994,735.336070718255,0.8555986636015559,22337.385087349976,0.8582460194071674
Cell5,3600,-628.5798251580507,0.0,3062,628.5798251580507,41.02463973376736,735.336070718255,0.8548197894658861,22965.964912508025,0.854115835368585
Cell5,3700,-626.4541623919168,0.0,3052,626.4541623919168,27.629224173508177,735.336070718255,0.8519290530383129,23592.419074899943,0.8512103169192818
Cell5,3800,-622.7429618448283,0.0,3033,622.7429618448283,41.013954071819924,735.336070718255,0.8468821082536465,24215.162036744772,0.8483298602409198
Cell5,3900,-622.2255140708279,0.0,3031,622.2255140708279,41.019732356108314,735.336070718255,0.8461784194307999,24837.387550815598,0.8454287871685041
Cell5,4000,-620.054371370107,0.0,3020,620.054371370107,41.0168783872666,735.336070718255,0.8432258338210661,25457.441922185706,0.8428221712846177
Cell5,4100,-616.9927457990417,0.0,3005,616.9927457990417,41.019827353432184,735.336070718255,0.8390622606019872,26074.434667984748,0.8400014639393455
Cell5,4200,-616.0030105030721,0.0,3001,616.0030105030721,41.011190659758505,735.336070718255,0.8377162973949832,26690.43767848782,0.8374441927038477
Cell5,4300,-614.4130100238918,0.0,2993,614.4130100238918,41.01927194640518,735.336070718255,0.8355540201145729,27304.850688511713,0.8353823646053614
Cell5,4400,-612.4443360817295,0.0,2983,612.4443360817295,41.021542912438306,735.336070718255,0.8328767763065282,27917.29502459344,0.8324470052743166
Cell5,4500,-609.5275837131619,0.0,2969,609.5275837131619,41.01737351508352,735.336070718255,0.8289102194018485,28526.822608306604,0.8299854028730486
Cell5,4600,-608.9826949116347,0.0,2967,608.9826949116347,41.02339257447264,735.336070718255,0.8281692129107688,29135.805303218236,0.8267714414258974
Cell5,4800,-605.3543107357652,0.0,2949,605.3543107357652,41.02040635126014,735.336070718255,0.8232348919650748,29741.159613954,0.7572346558053775
Cell5,5000,-456.1288635874498,0.0,2222,456.1288635874498,41.204073227058274,735.336070718255,0.620299862540289,30197.288477541453,0.7217673772526818
Cell6,0,-732.7947554512294,0.0,3559,732.7947554512294,40.7469435729241,732.7947554512294,1.0,732.7947554512294,0.994465765306499
Cell6,100,-724.683839133562,0.0,3520,724.683839133562,40.80414567424219,732.7947554512294,0.9889315306129981,1457.4785945847914,0.9904804660253976
Cell6,200,-719.9780780561117,0.0,3498,719.9780780561117,40.82334469820254,732.7947554512294,0.9825098674631948,2177.456672640903,0.9831868337556199
Cell6,300,-716.7605490247803,0.0,3482,716.7605490247803,40.878121509042906,732.7947554512294,0.9781191031906665,2894.2172216656836,0.9772687659671764
Cell6,400,-711.6736520202331,0.0,3457,711.6736520202331,40.86731633443233,732.7947554512294,0.9711773272476675,3605.8908736859166,0.9717187696036396
Cell6,500,-707.7770533721924,0.0,3439,707.7770533721924,40.89753015536125,732.7947554512294,0.9658598783725847,4313.667927058109,0.9660276032401848
Cell6,600,-704.24917843416,0.0,3421,704.24917843416,40.89824498531861,732.7947554512294,0.9610456041003022,5017.917105492269,0.9619955219324107
Cell6,700,-702.8095879125638,0.0,3419,702.8095879125638,40.88897807818114,732.7947554512294,0.9590810833243453,5720.726693404833,0.957918560895067
Cell6,800,-698.8143263731588,0.0,3400,698.8143263731588,40.9132220732125,732.7947554512294,0.9536289952605533,6419.541019777991,0.954177862887506
Cell6,900,-696.0256867891575,0.0,3386,696.0256867891575,40.899912698821176,732.7947554512294,0.9498235100776194,7115.566706567149,0.9496308250904582
Cell6,1000,-692.8134515610182,0.0,3371,692.8134515610182,40.910159696748856,732.7947554512294,0.9454399699332016,7808.380158128167,0.9455333042149047
Cell6,1100,-689.8064009492865,0.0,3356,689.8064009492865,40.920515147283396,732.7947554512294,0.9413364326338932,8498.186559077454,0.941364129786599
Cell6,1200,-686.8602393222861,0.0,3342,686.8602393222861,40.91475579078464,732.7947554512294,0.9373159867927023,9185.04679839974,0.937254395412821
Cell6,1300,-683.7786761748114,0.0,3327,683.7786761748114,40.92816813742281,732.7947554512294,0.9331107668118672,9868.82547457455,0.9331891312615457
Cell6,1400,-680.8693882005513,0.0,3313,680.8693882005513,40.92930781775462,732.7947554512294,0.9291406401800675,10549.694862775103,0.9275212252241739
Cell6,1600,-674.4000038665567,0.0,3281,674.4000038665567,40.92673949001194,732.7947554512294,0.9203122686805868,11224.094866641659,0.9208819661793505
Cell6,1800,-669.1830335504253,0.0,3256,669.1830335504253,40.94896155903591,732.7947554512294,0.9131929896773971,11893.277900192084,0.9141215236318535
Cell6,1900,-666.0073376705458,0.0,3240,666.0073376705458,40.9416936340762,732.7947554512294,0.9088593125375763,12559.28523786263,0.9087574798513026
Cell6,2000,-662.6077744153612,0.0,3224,662.6077744153612,40.98426453650606,732.7947554512294,0.9042201373389339,13221.893012277991,0.9046083076782957
Cell6,2100,-660.0615587268948,0.0,3211,660.0615587268948,40.978966214997364,732.7947554512294,0.9007454731583769,13881.954571004886,0.9002267420340924
Cell6,2200,-656.3749726963332,0.0,3194,656.3749726963332,40.97918831415504,732.7947554512294,0.8957146156049662,14538.32954370122,0.8964972134310099
Cell6,2300,-654.4088374134284,0.0,3184,654.4088374134284,40.98794421159989,732.7947554512294,0.8930315515296862,15192.738381114648,0.8920883986759951
Cell6,2400,-650.3692897362026,0.0,3164,650.3692897362026,40.985370441244356,732.7947554512294,0.887519028893333,15843.10767085085,0.8884812540374206
Cell6,2500,-648.4450826764289,0.0,3155,648.4450826764289,40.968425393587374,732.7947554512294,0.8848931816892427,16491.552753527278,0.8838875359286648
Cell6,2600,-644.3100797990757,0.0,3135,644.3100797990757,40.95735586281588,732.7947554512294,0.8792503972034188,17135.862833326355,0.8807662447340473
Cell6,2700,-643.5074922832472,0.0,3131,643.5074922832472,40.97312954098028,732.7947554512294,0.8781551553094805,17779.3703256096,0.8775303823715691
Cell6,2800,-641.3314137706706,0.0,3120,641.3314137706706,40.99007855015105,732.7947554512294,0.8751855946018078,18420.701739380274,0.8743324517222142
Cell6,2900,-637.279799374644,0.0,3101,637.279799374644,41.00181721247783,732.7947554512294,0.8696566052553546,19057.981538754917,0.8712001956902667
Cell6,3000,-636.6215899044223,0.0,3097,636.6215899044223,40.9559405901303,732.7947554512294,0.868758387213638,19694.60312865934,0.8678632905324473
Cell6,3100,-633.9956139734056,0.0,3085,633.9956139734056,40.98609515367185,732.7947554512294,0.8651748791283492,20328.598742632745,0.8646251939583071
Cell6,3200,-630.1612188131205,0.0,3066,630.1612188131205,41.01113501058657,732.7947554512294,0.8599423155329342,20958.759961445867,0.8611935801429506
Cell6,3300,-629.0775840845405,0.0,3061,629.0775840845405,41.02842235912252,732.7947554512294,0.8584635457675682,21587.837545530405,0.856161467693125
Cell6,3500,-622.9330971371867,0.0,3031,622.9330971371867,34.830390011118105,732.7947554512294,0.8500785417788727,22210.770642667594,0.8526608768670512
Cell6,3600,-622.4655750181377,0.0,3029,622.4655750181377,41.05905560643807,732.7947554512294,0.8494405430547126,22833.23621768573,0.8486823831137927
Cell6,3700,-620.3313260135905,0.0,3018,620.3313260135905,27.481533581180617,732.7947554512294,0.8465280645077926,23453.56754369932,0.8456032795396858
Cell6,3800,-616.1640442853969,0.0,2998,616.1640442853969,41.04980704095732,732.7947554512294,0.8408412310565523,24069.731587984716,0.8426477303193475
Cell6,3900,-615.9681421137119,0.0,2997,615.9681421137119,41.05614957995049,732.7947554512294,0.8405738953936975,24685.69973009843,0.8395417455213736
Cell6,4000,-613.5031779021912,0.0,2985,613.5031779021912,41.05582141237443,732.7947554512294,0.8372101101138713,25299.20290800062,0.8365638028014142
Cell6,4100,-609.6173818637355,0.0,2966,609.6173818637355,41.06031943124466,732.7947554512294,0.8319074028966739,25908.820289864358,0.833404644809075
Cell6,4200,-609.0230988884279,0.0,2963,609.0230988884279,41.0532363731594,732.7947554512294,0.8310964214166798,26517.843388752783,0.8306147645584067
Cell6,4300,-607.3699490541111,0.0,2955,607.3699490541111,41.06374522898821,732.7947554512294,0.8288404693618664,27125.213337806894,0.828783474510744
Cell6,4400,-605.5915026358235,0.0,2947,605.5915026358235,41.062361941527406,732.7947554512294,0.8264135327536855,27730.804840442717,0.8253878727009553
Cell6,4500,-601.5582612949864,0.0,2927,601.5582612949864,41.06357590825721,732.7947554512294,0.820909615987314,28332.363101737705,0.815687241520724
Cell6,4600,-586.0442340937907,0.0,2851,586.0442340937907,41.06919326629798,732.7947554512294,0.7997385758211726,28918.407335831496,0.8069499612894154
Cell6,4800,-586.3836032445917,0.0,2853,586.3836032445917,41.07640345468482,732.7947554512294,0.8002016920597598,29504.790939076087,0.796699201371092
Cell6,5000,-579.0231519723749,0.0,2817,579.0231519723749,41.092194433933315,732.7947554512294,0.7901573362323433,30083.81409104846,0.7951795141460516
Cell7,0,-728.7460724569092,0.0,3545,728.7460724569092,40.70140917329895,728.7460724569092,1.0,728.7460724569092,0.994237845849772
Cell7,100,-720.3477780451694,0.0,3504,720.3477780451694,40.75480973862811,728.7460724569092,0.9884756916995441,1449.0938505020786,0.9904262056352314
Cell7,200,-716.2137717431438,0.0,3485,716.2137717431438,40.75312520084496,728.7460724569092,0.9828029252061505,2165.3076222452223,0.9836607111873324
Cell7,300,-713.9550899355027,0.0,3473,713.9550899355027,40.81716524625248,728.7460724569092,0.9797035166563025,2879.262712180725,0.9790878852651121
Cell7,400,-710.350491252628,0.0,3456,710.350491252628,40.795414052733236,728.7460724569092,0.9747572139328834,3589.613203433353,0.9751499463275907
Cell7,500,-707.6044991402621,0.0,3443,707.6044991402621,40.8301702643664,728.7460724569092,0.9709891083935862,4297.2177025736155,0.9711013329903958
Cell7,600,-705.1038567303704,0.0,3431,705.1038567303704,40.839471612098,728.7460724569092,0.9675576766447179,5002.321559303986,0.968657538542884
Cell7,700,-705.0077744360792,0.0,3431,705.0077744360792,40.81008122326617,728.7460724569092,0.9674258305903478,5707.329333740065,0.9661874182809002
Cell7,800,-702.2042278220113,0.0,3417,702.2042278220113,40.83954182533184,728.7460724569092,0.9635787476076347,6409.533561562076,0.963901603017096
Cell7,900,-700.1065200427925,0.0,3407,700.1065200427925,40.81334269127621,728.7460724569092,0.9607002308533056,7109.640081604868,0.9607076539191056
Cell7,1000,-698.0250408537157,0.0,3397,698.0250408537157,40.83765008922386,728.7460724569092,0.9578439832963764,7807.665122458584,0.9578519461347481
Cell7,1100,-695.9609703262058,0.0,3387,695.9609703262058,40.835081694190556,728.7460724569092,0.9550116242545623,8503.62609278479,0.9550602622220977
Cell7,1200,-694.0032339821371,0.0,3378,694.0032339821371,40.830246519133574,728.7460724569092,0.9523251791153543,9197.629326766928,0.9523499516408912
Cell7,1300,-692.0996562801377,0.0,3369,692.0996562801377,40.85098239892327,728.7460724569092,0.9497130515527568,9889.728983047065,0.9497473707503398
Cell7,1400,-690.2711085194838,0.0,3360,690.2711085194838,40.84752416633519,728.7460724569092,0.9472038815829084,10580.000091566548,0.9462978374109356
Cell7,1600,-686.4617323634372,0.0,3340,686.4617323634372,40.82670663378314,728.7460724569092,0.9419765790971418,11266.461823929985,0.9418878646300697
Cell7,1800,-682.4584052490438,0.0,3321,682.4584052490438,40.85598578260592,728.7460724569092,0.9364831332101589,11948.92022917903,0.9372663961403873
Cell7,1900,-680.1674774869656,0.0,3310,680.1674774869656,40.8416073007114,728.7460724569092,0.9333394761138611,12629.087706665996,0.9333949638820686
Cell7,2000,-677.9978592043389,0.0,3299,677.9978592043389,40.93419660593493,728.7460724569092,0.9303622823221855,13307.085565870335,0.9306469925849902
Cell7,2100,-676.4506853791333,0.0,3292,676.4506853791333,40.91056829464861,728.7460724569092,0.9282392193189238,13983.536251249467,0.9277974691109078
Cell7,2200,-673.9377403666314,0.0,3280,673.9377403666314,40.89545986387891,728.7460724569092,0.9247909056916136,14657.473991616098,0.9252683174824347
Cell7,2300,-672.468531256646,0.0,3273,672.468531256646,40.899521683961346,728.7460724569092,0.9227748274367668,15329.942522872745,0.9222331295902486
Cell7,2400,-669.8150416123352,0.0,3260,669.8150416123352,40.89496782418977,728.7460724569092,0.9191336556423656,15999.75756448508,0.9196617985477041
Cell7,2500,-668.3161981719089,0.0,3253,668.3161981719089,40.85931856837537,728.7460724569092,0.9170769125639802,16668.07376265699,0.9163397948965525
Cell7,2600,-665.2058399162529,0.0,3237,665.2058399162529,40.84734556713729,728.7460724569092,0.9128088164833115,17333.279602573242,0.9136510801230973
Cell7,2700,-663.9368706189983,0.0,3231,663.9368706189983,40.8579071945147,728.7460724569092,0.9110675113220001,17997.21647319224,0.9107757903558275
Cell7,2800,-662.0301297966885,0.0,3222,662.0301297966885,40.884007953326744,728.7460724569092,0.9084510432621704,18659.24660298893,0.9078923022731731
Cell7,2900,-658.9018480706211,0.0,3207,658.9018480706211,40.901754868741314,728.7460724569092,0.9041583522353487,19318.14845105955,0.9051310094494722
Cell7,3000,-657.9000267184718,0.0,3202,657.9000267184718,40.81932985494083,728.7460724569092,0.9027836328508975,19976.048477778022,0.9023342968925849
Cell7,3100,-655.9158499218208,0.0,3192,655.9158499218208,40.86519847506815,728.7460724569092,0.9000609055915085,20631.964327699843,0.8995547186776244
Cell7,3200,-652.8250279489034,0.0,3177,652.8250279489034,40.90610975771734,728.7460724569092,0.8958196175904674,21284.789355648747,0.8967865956674332
Cell7,3300,-651.8482504032085,0.0,3172,651.8482504032085,40.933123791917566,728.7460724569092,0.8944792638203237,21936.637606051954,0.892936682181345
Cell7,3500,-647.4990219249642,0.0,3151,647.4990219249642,34.386621028640825,728.7460724569092,0.8885111651332444,22584.136627976917,0.8901952074991583
Cell7,3600,-646.8315112267524,0.0,3148,646.8315112267524,40.96024532085652,728.7460724569092,0.8875951935439069,23230.96813920367,0.8872019163426618
Cell7,3700,-645.304202881158,0.0,3141,645.304202881158,27.33860657091489,728.7460724569092,0.8854993903508341,23876.272342084827,0.884886467698253
Cell7,3800,-642.4368996081984,0.0,3127,642.4368996081984,40.94381792240385,728.7460724569092,0.881564819200018,24518.709241693028,0.8826399844235745
Cell7,3900,-641.9201636369663,0.0,3124,641.9201636369663,40.94530883891682,728.7460724569092,0.8808557437198717,25160.629405329993,0.8803146209226224
Cell7,4000,-640.2204043260972,0.0,3116,640.2204043260972,40.92332249495878,728.7460724569092,0.8785232998479775,25800.84980965609,0.8779478102205905
Cell7,4100,-637.2624875981344,0.0,3101,637.2624875981344,40.93218068375893,728.7460724569092,0.8744643870939225,26438.112297254225,0.8754511069454485
Cell7,4200,-636.4617755194159,0.0,3097,636.4617755194159,40.924421679009384,728.7460724569092,0.8733656338944453,27074.57407277364,0.8730099004543727
Cell7,4300,-634.8833453988138,0.0,3090,634.8833453988138,40.948159299292634,728.7460724569092,0.8711996803747502,27709.457418172457,0.8712366690534102
Cell7,4400,-633.3857813411086,0.0,3083,633.3857813411086,40.94787436246,728.7460724569092,0.8691446928910354,28342.84319951356,0.868535124185716
Cell7,4500,-630.5555548837211,0.0,3069,630.5555548837211,40.950781751337914,728.7460724569092,0.8652609992913627,28973.398754397283,0.866304017753675
Cell7,4600,-630.0056152500645,0.0,3066,630.0056152500645,40.9686762291991,728.7460724569092,0.8645063610786275,29603.40436964735,0.8632683142970108
Cell7,4800,-626.7490104275444,0.0,3050,626.7490104275444,40.960694350552735,728.7460724569092,0.860037582521042,30230.153380074895,0.8598335641268647
Cell7,5000,-623.0463727946269,0.0,3032,623.0463727946269,41.00833858822912,728.7460724569092,0.8549567487809242,30853.19975286952,0.8561264849303546
Cell7,5100,-621.9010570358344,0.0,3027,621.9010570358344,40.936506236989565,728.7460724569092,0.8533851234890976,31475.100809905354,0.8525012192073961
Cell7,5200,-618.8233159558885,0.0,3012,618.8233159558885,40.54106679606257,728.7460724569092,0.8491617853521667,32093.924125861242,0.8506297307010752
Cell7,5300,-618.954853098738,0.0,3013,618.954853098738,40.533863933673466,728.7460724569092,0.8493422832619613,32712.87897895998,0.8486293139666964
Cell7,5400,-617.5276695204672,0.0,3006,617.5276695204672,40.53818231712563,728.7460724569092,0.8473838732859608,33330.40664848045,0.8465569198420675
Cell7,5500,-614.2925687191706,0.0,2990,614.2925687191706,40.5612918380359,728.7460724569092,0.8429446029782806,33944.69921719962,0.8445508379225579
Cell7,5600,-614.5690801391297,0.0,2991,614.5690801391297,40.55734428525879,728.7460724569092,0.8433240375034325,34559.26829733875,0.8425322975189791
Cell7,5700,-613.1146593468561,0.0,2984,613.1146593468561,40.559597696939576,728.7460724569092,0.8413282520752242,35172.38295668561,0.8411846464149716
Cell7,5800,-611.3462823719076,0.0,2975,611.3462823719076,40.57802603611971,728.7460724569092,0.838901649666258,35783.72923905751,0.8391099488085071
Cell7,5900,-610.0332969423896,0.0,2969,610.0332969423896,40.576384395357955,728.7460724569092,0.8370999446840393,36393.7625359999,0.837140322029695
Cell7,6000,-608.8085860090601,0.0,2963,608.8085860090601,40.56325978561732,728.7460724569092,0.8354193717387877,37002.571122008965,0.8347193170368757
Cell7,6100,-606.0533887321608,0.0,2949,606.0533887321608,40.584160516981946,728.7460724569092,0.8316386346878003,37608.62451074112,0.832830284911059
Cell7,6200,-605.9034227150879,0.0,2949,605.9034227150879,40.562463529209126,728.7460724569092,0.8314328483065889,38214.52793345621,0.8309288096375272
Cell7,6300,-604.6515080966797,0.0,2943,604.6515080966797,40.56529699363653,728.7460724569092,0.8297149459181925,38819.17944155289,0.8290014597688895
Cell7,6400,-601.8397427911003,0.0,2929,601.8397427911003,40.588395043562926,728.7460724569092,0.8258565850818869,39421.01918434399,0.8272233899100696
Cell7,6500,-602.0161384365811,0.0,2930,602.0161384365811,40.75806141183055,728.7460724569092,0.8260986387301296,40023.035322780575,0.8254283025321646
Cell7,6600,-600.7270194675835,0.0,2924,600.7270194675835,40.76866704330367,728.7460724569092,0.824329683784477,40623.762342248156,0.8240184813724941
Cell7,6700,-598.7575378921711,0.0,2914,598.7575378921711,40.77858099764065,728.7460724569092,0.8216271216028758,41222.519880140324,0.8226611129949272
Cell7,6800,-599.0486078144938,0.0,2916,599.0486078144938,40.794653834235476,728.7460724569092,0.8220265335974288,41821.56848795482,0.8213458866847566
Cell7,6900,-597.851621443797,0.0,2910,597.851621443797,40.78983887958077,728.7460724569092,0.820384004853965,42419.42010939862,0.8196233089436148
Cell7,7000,-594.991572602095,0.0,2896,594.991572602095,40.797073646281355,728.7460724569092,0.8164593883794506,43014.41168200071,0.8187591220400026
Cell7,7100,-597.1592893788655,0.0,2906,597.1592893788655,40.80099082087154,728.7460724569092,0.8194339728865923,43611.57097137958,0.8169819537454179
Cell7,7200,-593.9663081994765,0.0,2891,593.9663081994765,40.76482477069224,728.7460724569092,0.8150524999702112,44205.53727957905,0.8159652338769162
Cell7,7300,-592.768780769216,0.0,2885,592.768780769216,40.79148135054458,728.7460724569092,0.8134092287739451,44798.30606034827,0.8130098833551515
Cell7,7400,-590.6981891224568,0.0,2875,590.6981891224568,40.75108776410483,728.7460724569092,0.8105679213212978,45389.00424947073,0.8111796671220514
Cell7,7500,-589.9650195246209,0.0,2871,589.9650195246209,40.73625951631195,728.7460724569092,0.809561851270911,45978.969268995344,0.809282972372155
Cell7,7600,-588.6221542203064,0.0,2865,588.6221542203064,40.722645433077545,728.7460724569092,0.8077191445242562,46567.59142321566,0.8073676058608633
Cell7,7700,-586.5107416551988,0.0,2854,586.5107416551988,40.71642013646615,728.7460724569092,0.8048218217874227,47154.102164870856,0.805583642265922
Cell7,7800,-586.0648501349624,0.0,2852,586.0648501349624,40.6971672129417,728.7460724569092,0.8042099604860874,47740.16701500581,0.8039092726900389
Cell7,7900,-584.9615834635077,0.0,2847,584.9615834635077,40.71570074240344,728.7460724569092,0.8026960357966066,48325.128598469324,0.8022301021300281
Cell7,8000,-582.8396748034193,0.0,2837,582.8396748034193,40.70201615944238,728.7460724569092,0.79978431010739,48907.968273272745,0.8007399200343089
Cell7,8100,-582.8069570864598,0.0,2836,582.8069570864598,40.74038014360197,728.7460724569092,0.7997394141989302,49490.7752303592,0.7997618621531601
Cell8,0,-727.5279508776244,0.0,3543,727.5279508776244,40.00121890482614,727.5279508776244,1.0,727.5279508776244,0.9948562926717202
Cell8,100,-720.0435691727091,0.0,3506,720.0435691727091,40.12139479261074,727.5279508776244,0.9897125853434403,1447.5715200503337,0.9948562926717202
